CDSM,CDSM 1:10,R2B 1:10,CDSM,CDSM 1:10,R2B 1:10,CDSM,CDSM 1:10,R2B 1:10,Blank,Blank,Blank
CDSM,CDSM 1:10,R2B 1:10,CDSM,CDSM 1:10,R2B 1:10,CDSM,CDSM 1:10,R2B 1:10,Blank,Blank,Blank
CDSM,CDSM 1:10,R2B 1:10,CDSM,CDSM 1:10,R2B 1:10,CDSM,CDSM 1:10,R2B 1:10,Blank,Blank,Blank
CDSM,CDSM 1:10,R2B 1:10,CDSM,CDSM 1:10,R2B 1:10,CDSM,CDSM 1:10,R2B 1:10,Blank,Blank,Blank
Blank,Blank,Blank,Blank,Blank,Blank,Blank,Blank,Blank,Blank,Blank,Blank
Blank,Blank,Blank,Blank,Blank,Blank,Blank,Blank,Blank,Blank,Blank,Blank
CDSM 1:10 Separate,Blank,Blank,CDSM 1:10 Separate,Blank,Blank,CDSM 1:10 Separate,Blank,Blank,CDSM 1:10 Separate,Blank,Blank
Blank,Blank,Blank,Blank,Blank,Blank,Blank,Blank,Blank,Blank,Blank,Blank
WT,WT,WT,Ctrl,Ctrl,Ctrl,GFP,GFP,GFP,Blank,Blank,Blank
WT,WT,WT,Ctrl,Ctrl,Ctrl,GFP,GFP,GFP,Blank,Blank,Blank
WT,WT,WT,Ctrl,Ctrl,Ctrl,GFP,GFP,GFP,Blank,Blank,Blank
WT,WT,WT,Ctrl,Ctrl,Ctrl,GFP,GFP,GFP,Blank,Blank,Blank
Blank,Blank,Blank,Blank,Blank,Blank,Blank,Blank,Blank,Blank,Blank,Blank
Blank,Blank,Blank,Blank,Blank,Blank,Blank,Blank,Blank,Blank,Blank,Blank
GFP,Blank,Blank,GFP,Blank,Blank,GFP,Blank,Blank,GFP,Blank,Blank
Blank,Blank,Blank,Blank,Blank,Blank,Blank,Blank,Blank,Blank,Blank,Blank
