DSM,DSM,DSM,DSM,DSM,Blank,Blank,LB,LB,LB,LB,LB
Blank,Blank,Blank,Blank,Blank,Blank,Blank,Blank,Blank,Blank,Blank,Blank
DSM,DSM,DSM,DSM,DSM,Blank,Blank,LB,LB,LB,LB,LB
Blank,Blank,Blank,Blank,Blank,Blank,Blank,Blank,Blank,Blank,Blank,Blank
DSM,DSM,DSM,DSM,DSM,Blank,Blank,LB,LB,LB,LB,LB
Blank,Blank,Blank,Blank,Blank,Blank,Blank,Blank,Blank,Blank,Blank,Blank
DSM,DSM,DSM,DSM,DSM,Blank,Blank,LB,LB,LB,LB,LB
Blank,Blank,Blank,Blank,Blank,Blank,Blank,Blank,Blank,Blank,Blank,Blank
SPOIIE-SPO1,WT-SPO1,SPOIIE,WT,Ctrl,Blank,Blank,SPOIIE-SPO1,WT-SPO1,SPOIIE,WT,Ctrl
Blank,Blank,Blank,Blank,Blank,Blank,Blank,Blank,Blank,Blank,Blank,Blank
SPOIIE-SPO1,WT-SPO1,SPOIIE,WT,Ctrl,Blank,Blank,SPOIIE-SPO1,WT-SPO1,SPOIIE,WT,Ctrl
Blank,Blank,Blank,Blank,Blank,Blank,Blank,Blank,Blank,Blank,Blank,Blank
SPOIIE-SPO1,WT-SPO1,SPOIIE,WT,Ctrl,Blank,Blank,SPOIIE-SPO1,WT-SPO1,SPOIIE,WT,Ctrl
Blank,Blank,Blank,Blank,Blank,Blank,Blank,Blank,Blank,Blank,Blank,Blank
SPOIIE-SPO1,WT-SPO1,SPOIIE,WT,Ctrl,Blank,Blank,SPOIIE-SPO1,WT-SPO1,SPOIIE,WT,Ctrl
Blank,Blank,Blank,Blank,Blank,Blank,Blank,Blank,Blank,Blank,Blank,Blank
